bar_idx,bar_date,event_type,zone_id,zone_start,zone_end,zone_high,zone_low,zone_bars,zone_score,methods,weighted_votes,vote_count,atr_ratio,range_pct,compression,overlap,vol_contract,rel_vol,trend,breakout_dir,breakout_mag,close_price,consecutive_detections
57,2022-06-02,DEVELOPING,1,53,57,24.52,23.43,5,0.373,body_overlap|dbscan|fractal_box|preceding_trend|volume_flat,0.0,0,0.00,0.0,0.00,0.00,0.00,0.00,0.0,,0.0,24.25,1
58,2022-06-03,CONFIRMED,1,53,58,24.52,23.43,6,0.394,body_overlap|dbscan|fractal_box|preceding_trend|volume_flat,3.2,5,1.31,4.5,0.77,0.44,0.66,0.81,1.1,,0.0,23.87,2
62,2022-06-09,BREAKOUT,1,53,58,24.52,23.43,6,0.394,body_overlap|dbscan|fractal_box|preceding_trend|volume_flat,3.2,5,1.31,4.5,0.77,0.44,0.66,0.81,1.1,down,1.3,22.46,2
70,2022-06-22,DEVELOPING,2,67,70,20.31,19.42,4,0.424,body_overlap|fractal_box|preceding_trend|volume_flat,0.0,0,0.00,0.0,0.00,0.00,0.00,0.00,0.0,,0.0,19.94,1
71,2022-06-23,CONFIRMED,2,67,71,20.41,19.49,5,0.412,body_overlap|fractal_box|preceding_trend|range_bars|volume_flat,2.9,5,1.20,4.6,0.89,0.40,1.60,0.90,6.2,,0.0,20.36,2
72,2022-06-24,BREAKOUT,2,67,71,20.41,19.49,5,0.412,body_overlap|fractal_box|preceding_trend|range_bars|volume_flat,2.9,5,1.20,4.6,0.89,0.40,1.60,0.90,6.2,up,0.6,20.86,2
81,2022-07-08,DEVELOPING,3,76,81,20.77,19.93,6,0.452,body_overlap|fractal_box|ha_doji|linreg_flat|preceding_trend|range_bars|volume_flat,0.0,0,0.00,0.0,0.00,0.00,0.00,0.00,0.0,,0.0,20.31,1
83,2022-07-12,CONFIRMED,3,76,82,20.77,19.93,7,0.497,body_overlap|fractal_box|ha_doji|kde_cluster|linreg_flat|mtf_2x|preceding_trend|range_bars|volume_flat,6.0,9,1.30,4.1,0.77,0.35,0.67,0.75,4.3,,0.0,20.58,2
85,2022-07-14,BREAKOUT,3,76,82,20.77,19.93,7,0.497,body_overlap|fractal_box|ha_doji|kde_cluster|linreg_flat|mtf_2x|preceding_trend|range_bars|volume_flat,6.0,9,1.30,4.1,0.77,0.35,0.67,0.75,4.3,down,0.1,19.88,2
94,2022-07-27,DEVELOPING,4,90,94,22.38,21.42,5,0.317,atr_squeeze|dbscan|fractal_box|preceding_trend|range_bars|volume_flat,0.0,0,0.00,0.0,0.00,0.00,0.00,0.00,0.0,,0.0,22.29,1
96,2022-07-29,EXPIRED,4,0,0,0.00,0.00,1,0.000,,0.0,0,0.00,0.0,0.00,0.00,0.00,0.00,0.0,,0.0,23.18,1
131,2022-09-19,DEVELOPING,5,128,131,21.50,20.73,4,0.368,body_overlap|fractal_box|preceding_trend|volume_flat,0.0,0,0.00,0.0,0.00,0.00,0.00,0.00,0.0,,0.0,21.27,1
132,2022-09-20,CONFIRMED,5,128,131,21.50,20.58,4,0.383,body_overlap|fractal_box|preceding_trend|volume_flat,2.5,4,1.67,4.4,0.76,0.60,1.42,0.65,2.5,,0.0,20.58,2
132,2022-09-20,BREAKOUT,5,128,131,21.50,20.58,4,0.383,body_overlap|fractal_box|preceding_trend|volume_flat,2.5,4,1.67,4.4,0.76,0.60,1.42,0.65,2.5,down,0.0,20.58,2
147,2022-10-11,DEVELOPING,6,141,147,19.36,18.25,7,0.372,fractal_box|kde_cluster|linreg_flat|mtf_2x|preceding_trend|volume_flat,0.0,0,0.00,0.0,0.00,0.00,0.00,0.00,0.0,,0.0,18.89,1
148,2022-10-12,CONFIRMED,6,143,148,19.22,18.30,6,0.376,fractal_box|kde_cluster|mtf_2x|preceding_trend|range_bars|volume_flat,3.5,6,1.36,4.9,0.90,0.31,0.96,0.85,3.6,,0.0,18.75,2
152,2022-10-18,BREAKOUT,6,143,148,19.22,18.30,6,0.376,fractal_box|kde_cluster|mtf_2x|preceding_trend|range_bars|volume_flat,3.5,6,1.36,4.9,0.90,0.31,0.96,0.85,3.6,up,0.4,19.51,2
154,2022-10-20,DEVELOPING,7,151,154,19.79,18.91,4,0.287,bbw_squeeze|fractal_box|preceding_trend|volume_flat,0.0,0,0.00,0.0,0.00,0.00,0.00,0.00,0.0,,0.0,19.11,1
155,2022-10-21,CONFIRMED,7,151,155,19.79,18.91,5,0.277,bbw_squeeze|fractal_box|preceding_trend|volume_flat,2.3,4,1.36,4.5,0.87,0.12,0.98,0.93,1.6,,0.0,19.54,2
156,2022-10-24,BREAKOUT,7,151,155,19.79,18.91,5,0.277,bbw_squeeze|fractal_box|preceding_trend|volume_flat,2.3,4,1.36,4.5,0.87,0.12,0.98,0.93,1.6,up,0.1,19.83,2
163,2022-11-02,DEVELOPING,8,159,162,21.58,20.46,4,0.412,bar_compression|preceding_trend|volume_flat,0.0,0,0.00,0.0,0.00,0.00,0.00,0.00,0.0,,0.0,21.05,1
164,2022-11-03,CONFIRMED,8,158,162,21.58,20.44,5,0.366,bar_compression|preceding_trend|volume_flat,2.2,3,1.87,5.5,0.55,0.20,1.06,0.56,3.1,,0.0,20.97,2
165,2022-11-04,BREAKOUT,8,158,162,21.58,20.44,5,0.366,bar_compression|preceding_trend|volume_flat,2.2,3,1.87,5.5,0.55,0.20,1.06,0.56,3.1,up,0.4,21.82,2
173,2022-11-16,DEVELOPING,9,169,173,22.86,21.93,5,0.348,dbscan|fractal_box|preceding_trend|range_bars|volume_flat,0.0,0,0.00,0.0,0.00,0.00,0.00,0.00,0.0,,0.0,22.14,1
174,2022-11-17,CONFIRMED,9,169,174,22.86,21.78,6,0.348,dbscan|fractal_box|preceding_trend|range_bars|volume_flat,2.7,5,1.55,4.8,0.92,0.16,0.92,1.02,5.8,,0.0,22.30,2
177,2022-11-22,BREAKOUT,9,169,174,22.86,21.78,6,0.348,dbscan|fractal_box|preceding_trend|range_bars|volume_flat,2.7,5,1.55,4.8,0.92,0.16,0.92,1.02,5.8,up,0.5,23.18,2
183,2022-12-01,DEVELOPING,10,175,181,23.34,22.46,7,0.484,body_overlap|fractal_box|ha_doji|kde_cluster|linreg_flat|mtf_2x|preceding_trend|range_bars|volume_flat,0.0,0,0.00,0.0,0.00,0.00,0.00,0.00,0.0,,0.0,22.97,1
184,2022-12-02,CONFIRMED,10,175,182,23.34,22.46,8,0.476,body_overlap|fractal_box|ha_doji|kde_cluster|mtf_2x|preceding_trend|range_bars|stationarity|volume_flat,6.1,9,1.47,3.8,0.67,0.45,0.75,0.68,2.5,,0.0,23.03,2
194,2022-12-16,BREAKOUT,10,175,182,23.34,22.46,8,0.476,body_overlap|fractal_box|ha_doji|kde_cluster|mtf_2x|preceding_trend|range_bars|stationarity|volume_flat,6.1,9,1.47,3.8,0.67,0.45,0.75,0.68,2.5,down,0.6,22.14,2
203,2022-12-30,DEVELOPING,11,199,203,22.75,22.05,5,0.334,bbw_squeeze|fractal_box|preceding_trend|volume_flat,0.0,0,0.00,0.0,0.00,0.00,0.00,0.00,0.0,,0.0,22.67,1
204,2023-01-03,CONFIRMED,11,199,204,22.90,22.05,6,0.339,bbw_squeeze|body_overlap|fractal_box|preceding_trend|range_bars|volume_flat,3.6,6,1.71,3.8,0.94,0.34,0.50,0.91,1.1,,0.0,22.58,2
205,2023-01-04,BREAKOUT,11,199,204,22.90,22.05,6,0.339,bbw_squeeze|body_overlap|fractal_box|preceding_trend|range_bars|volume_flat,3.6,6,1.71,3.8,0.94,0.34,0.50,0.91,1.1,up,0.6,23.22,2
220,2023-01-26,DEVELOPING,12,212,220,23.00,22.10,9,0.371,bar_compression|bbw_squeeze|body_overlap|fractal_box|kde_cluster|linreg_flat|mtf_2x|range_bars|stationarity|volume_flat,0.0,0,0.00,0.0,0.00,0.00,0.00,0.00,0.0,,0.0,22.75,1
221,2023-01-27,CONFIRMED,12,213,220,23.00,22.10,8,0.391,bar_compression|bbw_squeeze|body_overlap|fractal_box|kde_cluster|mtf_2x|range_bars|volume_flat,5.3,8,1.48,4.0,0.69,0.30,0.99,0.67,1.2,,0.0,23.35,2
221,2023-01-27,BREAKOUT,12,213,220,23.00,22.10,8,0.391,bar_compression|bbw_squeeze|body_overlap|fractal_box|kde_cluster|mtf_2x|range_bars|volume_flat,5.3,8,1.48,4.0,0.69,0.30,0.99,0.67,1.2,up,0.6,23.35,2
234,2023-02-15,DEVELOPING,13,228,234,23.64,22.65,7,0.269,fractal_box|kde_cluster|linreg_flat|mtf_2x|preceding_trend|range_bars|volume_flat,0.0,0,0.00,0.0,0.00,0.00,0.00,0.00,0.0,,0.0,23.05,1
235,2023-02-16,CONFIRMED,13,228,234,23.64,22.65,7,0.282,fractal_box|kde_cluster|mtf_2x|preceding_trend|range_bars|volume_flat,3.5,6,1.87,4.3,0.82,0.18,1.44,0.81,1.5,,0.0,23.12,2
237,2023-02-21,BREAKOUT,13,228,234,23.64,22.65,7,0.282,fractal_box|kde_cluster|mtf_2x|preceding_trend|range_bars|volume_flat,3.5,6,1.87,4.3,0.82,0.18,1.44,0.81,1.5,down,0.5,22.37,2
264,2023-03-30,DEVELOPING,14,261,264,21.15,20.15,4,0.441,bar_compression|fractal_box|preceding_trend|volume_flat,0.0,0,0.00,0.0,0.00,0.00,0.00,0.00,0.0,,0.0,20.96,1
265,2023-03-31,CONFIRMED,14,261,264,21.15,20.15,4,0.465,bar_compression|fractal_box|preceding_trend|volume_flat,2.6,4,1.46,4.8,0.49,0.06,0.55,0.58,4.4,,0.0,21.52,2
265,2023-03-31,BREAKOUT,14,261,264,21.15,20.15,4,0.465,bar_compression|fractal_box|preceding_trend|volume_flat,2.6,4,1.46,4.8,0.49,0.06,0.55,0.58,4.4,up,0.6,21.52,2
275,2023-04-17,DEVELOPING,15,266,272,21.38,20.50,7,0.340,fractal_box|kde_cluster|mtf_2x|preceding_trend|range_bars|volume_flat,0.0,0,0.00,0.0,0.00,0.00,0.00,0.00,0.0,,0.0,20.74,1
277,2023-04-19,CONFIRMED,15,268,273,21.17,20.18,6,0.276,atr_squeeze|fractal_box|kde_cluster|mtf_2x|preceding_trend|range_bars|volume_flat,4.2,7,1.95,4.8,0.93,0.24,0.82,0.91,0.8,,0.0,20.72,2
280,2023-04-24,DEVELOPING,16,273,280,20.80,20.35,8,0.431,atr_squeeze|bbw_squeeze|fractal_box|ha_doji|kde_cluster|linreg_flat|mtf_2x|preceding_trend|range_bars|volume_flat,0.0,0,0.00,0.0,0.00,0.00,0.00,0.00,0.0,,0.0,20.48,1
281,2023-04-25,CONFIRMED,16,274,281,20.80,20.29,8,0.424,atr_squeeze|bbw_squeeze|fractal_box|ha_doji|kde_cluster|linreg_flat|mtf_2x|preceding_trend|range_bars|volume_flat,6.5,10,1.20,2.5,0.87,0.35,0.83,0.86,1.8,,0.0,20.63,2
283,2023-04-27,BREAKOUT,16,274,281,20.80,20.29,8,0.424,atr_squeeze|bbw_squeeze|fractal_box|ha_doji|kde_cluster|linreg_flat|mtf_2x|preceding_trend|range_bars|volume_flat,6.5,10,1.20,2.5,0.87,0.35,0.83,0.86,1.8,up,0.2,20.88,2
284,2023-04-28,BREAKOUT,15,268,273,21.17,20.18,6,0.276,atr_squeeze|fractal_box|kde_cluster|mtf_2x|preceding_trend|range_bars|volume_flat,4.2,7,1.95,4.8,0.93,0.24,0.82,0.91,0.8,up,0.4,21.33,2
296,2023-05-16,DEVELOPING,17,290,295,21.21,20.32,6,0.355,bar_compression|bbw_squeeze|body_overlap|preceding_trend|volume_flat,0.0,0,0.00,0.0,0.00,0.00,0.00,0.00,0.0,,0.0,20.09,1
298,2023-05-18,EXPIRED,17,0,0,0.00,0.00,1,0.000,,0.0,0,0.00,0.0,0.00,0.00,0.00,0.00,0.0,,0.0,20.40,1
300,2023-05-22,DEVELOPING,18,289,293,21.38,20.42,5,0.285,bbw_squeeze|body_overlap|preceding_trend|volume_flat,0.0,0,0.00,0.0,0.00,0.00,0.00,0.00,0.0,,0.0,20.57,1
301,2023-05-23,CONFIRMED,18,289,292,21.38,20.57,4,0.329,bbw_squeeze|body_overlap|preceding_trend|volume_flat,2.8,4,1.76,3.8,0.89,0.52,0.90,1.00,2.4,,0.0,20.31,2
301,2023-05-23,BREAKOUT,18,289,292,21.38,20.57,4,0.329,bbw_squeeze|body_overlap|preceding_trend|volume_flat,2.8,4,1.76,3.8,0.89,0.52,0.90,1.00,2.4,down,0.5,20.31,2
306,2023-05-31,DEVELOPING,19,302,306,20.16,19.40,5,0.283,dbscan|fractal_box|preceding_trend|range_bars|volume_flat,0.0,0,0.00,0.0,0.00,0.00,0.00,0.00,0.0,,0.0,20.03,1
307,2023-06-01,CONFIRMED,19,302,307,20.16,19.40,6,0.297,dbscan|fractal_box|preceding_trend|range_bars|volume_flat,2.7,5,1.58,3.8,0.89,0.22,1.67,0.91,2.4,,0.0,19.92,2
308,2023-06-02,BREAKOUT,19,302,307,20.16,19.40,6,0.297,dbscan|fractal_box|preceding_trend|range_bars|volume_flat,2.7,5,1.58,3.8,0.89,0.22,1.67,0.91,2.4,up,1.1,20.70,2
320,2023-06-21,DEVELOPING,20,312,319,21.84,21.16,8,0.364,fractal_box|kde_cluster|linreg_flat|mtf_2x|preceding_trend|range_bars|volume_flat,0.0,0,0.00,0.0,0.00,0.00,0.00,0.00,0.0,,0.0,21.32,1
321,2023-06-22,CONFIRMED,20,312,319,21.84,21.16,8,0.380,fractal_box|kde_cluster|mtf_2x|preceding_trend|range_bars|volume_flat,3.5,6,1.48,3.2,0.79,0.19,0.88,0.75,3.3,,0.0,21.17,2
322,2023-06-23,BREAKOUT,20,312,319,21.84,21.16,8,0.380,fractal_box|kde_cluster|mtf_2x|preceding_trend|range_bars|volume_flat,3.5,6,1.48,3.2,0.79,0.19,0.88,0.75,3.3,down,0.9,20.77,2
333,2023-07-11,DEVELOPING,21,328,332,22.23,21.52,5,0.350,ha_doji|preceding_trend|range_bars|volume_flat,0.0,0,0.00,0.0,0.00,0.00,0.00,0.00,0.0,,0.0,22.40,1
335,2023-07-13,EXPIRED,21,0,0,0.00,0.00,1,0.000,,0.0,0,0.00,0.0,0.00,0.00,0.00,0.00,0.0,,0.0,22.60,1
337,2023-07-17,DEVELOPING,22,334,337,22.75,22.39,4,0.471,bar_compression|dbscan|fractal_box|preceding_trend|range_bars|volume_flat,0.0,0,0.00,0.0,0.00,0.00,0.00,0.00,0.0,,0.0,22.65,1
338,2023-07-18,CONFIRMED,22,334,338,22.75,22.33,5,0.436,bar_compression|dbscan|fractal_box|preceding_trend|range_bars|volume_flat,3.7,6,0.99,1.9,0.77,0.30,0.99,0.80,4.0,,0.0,22.66,2
339,2023-07-19,BREAKOUT,22,334,338,22.75,22.33,5,0.436,bar_compression|dbscan|fractal_box|preceding_trend|range_bars|volume_flat,3.7,6,0.99,1.9,0.77,0.30,0.99,0.80,4.0,up,0.7,23.01,2
377,2023-09-12,DEVELOPING,23,368,374,22.25,21.55,7,0.396,body_overlap|fractal_box|ha_doji|kde_cluster|linreg_flat|mtf_2x|preceding_trend|range_bars|volume_flat,0.0,0,0.00,0.0,0.00,0.00,0.00,0.00,0.0,,0.0,22.48,1
378,2023-09-13,CONFIRMED,23,367,374,22.25,21.36,8,0.345,body_overlap|fractal_box|ha_doji|kde_cluster|linreg_flat|mtf_2x|preceding_trend|range_bars|volume_flat,6.0,9,2.07,4.1,0.91,0.37,1.29,0.89,2.7,,0.0,22.36,2
378,2023-09-13,BREAKOUT,23,367,374,22.25,21.36,8,0.345,body_overlap|fractal_box|ha_doji|kde_cluster|linreg_flat|mtf_2x|preceding_trend|range_bars|volume_flat,6.0,9,2.07,4.1,0.91,0.37,1.29,0.89,2.7,up,0.3,22.36,2
421,2023-11-13,DEVELOPING,24,417,421,21.44,20.69,5,0.368,body_overlap|fractal_box|preceding_trend|volume_flat,0.0,0,0.00,0.0,0.00,0.00,0.00,0.00,0.0,,0.0,20.77,1
422,2023-11-14,CONFIRMED,24,417,421,21.44,20.69,5,0.487,bar_compression|body_overlap|fractal_box|preceding_trend|volume_flat,3.5,5,1.42,3.6,0.54,0.38,0.62,0.37,1.9,,0.0,22.07,2
422,2023-11-14,BREAKOUT,24,417,421,21.44,20.69,5,0.487,bar_compression|body_overlap|fractal_box|preceding_trend|volume_flat,3.5,5,1.42,3.6,0.54,0.38,0.62,0.37,1.9,up,1.0,22.07,2
429,2023-11-24,DEVELOPING,25,424,428,21.97,21.18,5,0.281,bar_compression|fractal_box|preceding_trend|volume_flat,0.0,0,0.00,0.0,0.00,0.00,0.00,0.00,0.0,,0.0,21.38,1
430,2023-11-27,CONFIRMED,25,425,429,21.79,21.18,5,0.422,bar_compression|fractal_box|preceding_trend|range_bars|volume_flat,3.0,5,1.16,2.9,0.62,0.09,0.84,0.64,3.2,,0.0,21.43,2
434,2023-12-01,BREAKOUT,25,425,429,21.79,21.18,5,0.422,bar_compression|fractal_box|preceding_trend|range_bars|volume_flat,3.0,5,1.16,2.9,0.62,0.09,0.84,0.64,3.2,up,0.3,21.95,2
441,2023-12-12,DEVELOPING,26,436,441,22.90,22.20,6,0.356,body_overlap|dbscan|preceding_trend|volume_flat,0.0,0,0.00,0.0,0.00,0.00,0.00,0.00,0.0,,0.0,22.64,1
442,2023-12-13,CONFIRMED,26,436,441,22.90,22.20,6,0.495,bar_compression|body_overlap|dbscan|preceding_trend|volume_flat,3.8,5,1.65,3.1,0.44,0.54,1.28,0.45,3.4,,0.0,23.66,2
442,2023-12-13,BREAKOUT,26,436,441,22.90,22.20,6,0.495,bar_compression|body_overlap|dbscan|preceding_trend|volume_flat,3.8,5,1.65,3.1,0.44,0.54,1.28,0.45,3.4,up,1.6,23.66,2
450,2023-12-26,DEVELOPING,27,447,450,23.76,23.17,4,0.433,fractal_box|ha_doji|preceding_trend|range_bars|volume_flat,0.0,0,0.00,0.0,0.00,0.00,0.00,0.00,0.0,,0.0,23.57,1
451,2023-12-27,CONFIRMED,27,447,451,23.76,23.17,5,0.454,bar_compression|fractal_box|ha_doji|preceding_trend|range_bars|volume_flat,3.7,6,1.19,2.5,0.79,0.34,0.73,0.77,4.1,,0.0,23.55,2
455,2024-01-03,BREAKOUT,27,447,451,23.76,23.17,5,0.454,bar_compression|fractal_box|ha_doji|preceding_trend|range_bars|volume_flat,3.7,6,1.19,2.5,0.79,0.34,0.73,0.77,4.1,down,1.0,22.67,2
464,2024-01-17,DEVELOPING,28,455,461,23.02,22.40,7,0.381,fractal_box|kde_cluster|mtf_2x|preceding_trend|range_bars|volume_flat,0.0,0,0.00,0.0,0.00,0.00,0.00,0.00,0.0,,0.0,22.33,1
466,2024-01-19,CONFIRMED,28,455,460,23.02,22.40,6,0.352,fractal_box|kde_cluster|mtf_2x|preceding_trend|range_bars|volume_flat,3.5,6,1.49,2.7,0.83,0.27,1.14,0.88,2.9,,0.0,22.50,2
469,2024-01-24,BREAKOUT,28,455,460,23.02,22.40,6,0.352,fractal_box|kde_cluster|mtf_2x|preceding_trend|range_bars|volume_flat,3.5,6,1.49,2.7,0.83,0.27,1.14,0.88,2.9,down,0.1,22.37,2
478,2024-02-06,DEVELOPING,29,469,476,22.99,22.24,8,0.393,bbw_squeeze|body_overlap|fractal_box|kde_cluster|linreg_flat|mtf_2x|preceding_trend|range_bars|stationarity|volume_flat,0.0,0,0.00,0.0,0.00,0.00,0.00,0.00,0.0,,0.0,22.47,1
479,2024-02-07,CONFIRMED,29,470,476,22.99,22.24,7,0.374,bbw_squeeze|body_overlap|fractal_box|kde_cluster|linreg_flat|mtf_2x|preceding_trend|range_bars|volume_flat,6.0,9,1.72,3.3,0.82,0.45,1.05,0.87,1.5,,0.0,22.61,2
485,2024-02-15,BREAKOUT,29,470,476,22.99,22.24,7,0.374,bbw_squeeze|body_overlap|fractal_box|kde_cluster|linreg_flat|mtf_2x|preceding_trend|range_bars|volume_flat,6.0,9,1.72,3.3,0.82,0.45,1.05,0.87,1.5,up,0.4,23.21,2
488,2024-02-21,DEVELOPING,30,484,488,23.24,22.64,5,0.373,bbw_squeeze|body_overlap|fractal_box|preceding_trend|volume_flat,0.0,0,0.00,0.0,0.00,0.00,0.00,0.00,0.0,,0.0,22.92,1
489,2024-02-22,CONFIRMED,30,486,489,23.23,22.78,4,0.456,bbw_squeeze|body_overlap|fractal_box|ha_doji|linreg_flat|preceding_trend|range_bars|volume_flat,5.2,8,0.89,2.0,0.84,0.47,0.67,0.82,1.5,,0.0,23.06,2
490,2024-02-23,BREAKOUT,30,486,489,23.23,22.78,4,0.456,bbw_squeeze|body_overlap|fractal_box|ha_doji|linreg_flat|preceding_trend|range_bars|volume_flat,5.2,8,0.89,2.0,0.84,0.47,0.67,0.82,1.5,down,0.0,22.77,2
499,2024-03-07,DEVELOPING,31,489,499,23.07,22.41,11,0.382,bbw_squeeze|body_overlap|fractal_box|ha_doji|kde_cluster|linreg_flat|mtf_2x|preceding_trend|range_bars|volume_flat,0.0,0,0.00,0.0,0.00,0.00,0.00,0.00,0.0,,0.0,22.73,1
500,2024-03-08,CONFIRMED,31,489,500,23.02,22.41,12,0.404,bbw_squeeze|body_overlap|fractal_box|ha_doji|kde_cluster|linreg_flat|mtf_2x|mtf_3x|preceding_trend|range_bars|volume_flat,7.2,11,1.41,2.7,0.91,0.27,0.91,0.88,2.2,,0.0,22.75,2
504,2024-03-14,BREAKOUT,31,489,500,23.02,22.41,12,0.404,bbw_squeeze|body_overlap|fractal_box|ha_doji|kde_cluster|linreg_flat|mtf_2x|mtf_3x|preceding_trend|range_bars|volume_flat,7.2,11,1.41,2.7,0.91,0.27,0.91,0.88,2.2,down,0.9,22.07,2
523,2024-04-11,DEVELOPING,32,517,521,22.52,21.80,5,0.303,dbscan|fractal_box|preceding_trend|range_bars|volume_flat,0.0,0,0.00,0.0,0.00,0.00,0.00,0.00,0.0,,0.0,21.56,1
525,2024-04-15,CONFIRMED,32,517,521,22.52,21.80,5,0.312,dbscan|fractal_box|preceding_trend|range_bars|volume_flat,2.7,5,1.39,3.2,0.93,0.02,1.24,0.75,2.4,,0.0,21.24,2
525,2024-04-15,BREAKOUT,32,517,521,22.52,21.80,5,0.312,dbscan|fractal_box|preceding_trend|range_bars|volume_flat,2.7,5,1.39,3.2,0.93,0.02,1.24,0.75,2.4,down,1.1,21.24,2
529,2024-04-19,DEVELOPING,33,524,529,21.60,20.80,6,0.340,dbscan|linreg_flat|preceding_trend|volume_flat,0.0,0,0.00,0.0,0.00,0.00,0.00,0.00,0.0,,0.0,21.47,1
531,2024-04-23,CONFIRMED,33,524,529,21.60,20.80,6,0.344,dbscan|linreg_flat|preceding_trend|volume_flat,2.8,4,1.71,3.8,0.87,0.26,0.93,0.81,3.7,,0.0,21.83,2
531,2024-04-23,BREAKOUT,33,524,529,21.60,20.80,6,0.344,dbscan|linreg_flat|preceding_trend|volume_flat,2.8,4,1.71,3.8,0.87,0.26,0.93,0.81,3.7,up,0.6,21.83,2
553,2024-05-23,DEVELOPING,34,540,551,22.69,21.95,12,0.424,bbw_squeeze|body_overlap|fractal_box|ha_doji|kde_cluster|linreg_flat|mtf_2x|mtf_3x|preceding_trend|range_bars|stationarity|volume_flat,0.0,0,0.00,0.0,0.00,0.00,0.00,0.00,0.0,,0.0,21.87,1
554,2024-05-24,CONFIRMED,34,540,550,22.69,21.95,11,0.416,bbw_squeeze|body_overlap|fractal_box|ha_doji|kde_cluster|linreg_flat|mtf_2x|mtf_3x|preceding_trend|range_bars|stationarity|volume_flat,8.2,12,1.67,3.3,0.91,0.36,0.85,0.88,2.1,,0.0,21.75,2
554,2024-05-24,BREAKOUT,34,540,550,22.69,21.95,11,0.416,bbw_squeeze|body_overlap|fractal_box|ha_doji|kde_cluster|linreg_flat|mtf_2x|mtf_3x|preceding_trend|range_bars|stationarity|volume_flat,8.2,12,1.67,3.3,0.91,0.36,0.85,0.88,2.1,down,0.6,21.75,2
562,2024-06-06,DEVELOPING,35,559,562,22.73,22.32,4,0.320,dbscan|fractal_box|preceding_trend|range_bars|volume_flat,0.0,0,0.00,0.0,0.00,0.00,0.00,0.00,0.0,,0.0,22.62,1
563,2024-06-07,CONFIRMED,35,559,563,22.73,22.22,5,0.318,dbscan|fractal_box|preceding_trend|range_bars|volume_flat,2.7,5,1.35,2.3,0.88,0.24,1.38,0.86,2.1,,0.0,22.59,2
565,2024-06-11,BREAKOUT,35,559,563,22.73,22.22,5,0.318,dbscan|fractal_box|preceding_trend|range_bars|volume_flat,2.7,5,1.35,2.3,0.88,0.24,1.38,0.86,2.1,down,0.5,22.04,2
588,2024-07-16,DEVELOPING,36,578,583,23.13,22.39,6,0.282,bbw_squeeze|fractal_box|kde_cluster|mtf_2x|preceding_trend|range_bars|volume_flat,0.0,0,0.00,0.0,0.00,0.00,0.00,0.00,0.0,,0.0,24.38,1
589,2024-07-17,CONFIRMED,36,578,583,23.13,22.39,6,0.252,bbw_squeeze|fractal_box|preceding_trend|range_bars|volume_flat,2.7,5,2.01,3.3,0.91,0.21,1.03,0.81,1.2,,0.0,24.51,2
589,2024-07-17,BREAKOUT,36,578,583,23.13,22.39,6,0.252,bbw_squeeze|fractal_box|preceding_trend|range_bars|volume_flat,2.7,5,2.01,3.3,0.91,0.21,1.03,0.81,1.2,up,3.5,24.51,2
594,2024-07-24,DEVELOPING,37,589,593,24.84,24.20,5,0.445,body_overlap|fractal_box|preceding_trend|range_bars|volume_flat,0.0,0,0.00,0.0,0.00,0.00,0.00,0.00,0.0,,0.0,24.16,1
595,2024-07-25,CONFIRMED,37,589,593,24.84,24.20,5,0.425,body_overlap|fractal_box|preceding_trend|range_bars|volume_flat,2.9,5,1.62,2.6,0.76,0.47,0.99,0.73,5.6,,0.0,24.20,2
598,2024-07-30,BREAKOUT,37,589,593,24.84,24.20,5,0.425,body_overlap|fractal_box|preceding_trend|range_bars|volume_flat,2.9,5,1.62,2.6,0.76,0.47,0.99,0.73,5.6,up,2.8,26.38,2
608,2024-08-13,DEVELOPING,38,604,608,25.46,24.83,5,0.412,bar_compression|fractal_box|preceding_trend|range_bars|volume_flat,0.0,0,0.00,0.0,0.00,0.00,0.00,0.00,0.0,,0.0,25.32,1
609,2024-08-14,CONFIRMED,38,604,608,25.46,24.83,5,0.391,bar_compression|fractal_box|preceding_trend|range_bars|volume_flat,3.0,5,0.95,2.5,0.86,0.38,0.64,0.86,0.9,,0.0,25.41,2
610,2024-08-15,BREAKOUT,38,604,608,25.46,24.83,5,0.391,bar_compression|fractal_box|preceding_trend|range_bars|volume_flat,3.0,5,0.95,2.5,0.86,0.38,0.64,0.86,0.9,up,0.6,25.87,2
638,2024-09-25,DEVELOPING,39,633,638,28.45,27.63,6,0.273,fractal_box|kde_cluster|preceding_trend|range_bars|volume_flat,0.0,0,0.00,0.0,0.00,0.00,0.00,0.00,0.0,,0.0,27.82,1
639,2024-09-26,CONFIRMED,39,633,638,28.41,27.63,6,0.332,bar_compression|fractal_box|preceding_trend|range_bars|volume_flat,3.0,5,1.78,2.8,0.70,0.22,1.27,0.71,2.1,,0.0,27.37,2
639,2024-09-26,BREAKOUT,39,633,638,28.41,27.63,6,0.332,bar_compression|fractal_box|preceding_trend|range_bars|volume_flat,3.0,5,1.78,2.8,0.70,0.22,1.27,0.71,2.1,down,0.6,27.37,2
660,2024-10-25,DEVELOPING,40,655,659,28.45,27.68,5,0.416,bbw_squeeze|body_overlap|ha_doji|linreg_flat|preceding_trend|range_bars|volume_flat,0.0,0,0.00,0.0,0.00,0.00,0.00,0.00,0.0,,0.0,27.47,1
661,2024-10-28,CONFIRMED,40,655,659,28.45,27.68,5,0.376,bbw_squeeze|body_overlap|ha_doji|preceding_trend|range_bars|volume_flat,3.9,6,1.73,2.8,0.96,0.47,0.79,0.86,3.2,,0.0,27.73,2
662,2024-10-29,BREAKOUT,40,655,659,28.45,27.68,5,0.376,bbw_squeeze|body_overlap|ha_doji|preceding_trend|range_bars|volume_flat,3.9,6,1.73,2.8,0.96,0.47,0.79,0.86,3.2,down,0.3,27.52,2
673,2024-11-13,DEVELOPING,41,670,673,29.20,28.54,4,0.433,bar_compression|fractal_box|preceding_trend|volume_flat,0.0,0,0.00,0.0,0.00,0.00,0.00,0.00,0.0,,0.0,28.84,1
674,2024-11-14,CONFIRMED,41,671,674,29.20,28.57,4,0.417,bar_compression|fractal_box|preceding_trend|range_bars|volume_flat,3.0,5,1.02,2.2,0.78,0.29,0.73,0.74,2.3,,0.0,28.68,2
676,2024-11-18,BREAKOUT,41,671,674,29.20,28.57,4,0.417,bar_compression|fractal_box|preceding_trend|range_bars|volume_flat,3.0,5,1.02,2.2,0.78,0.29,0.73,0.74,2.3,up,0.1,29.25,2
697,2024-12-18,DEVELOPING,42,692,695,29.34,28.73,4,0.403,bar_compression|fractal_box|preceding_trend|volume_flat,0.0,0,0.00,0.0,0.00,0.00,0.00,0.00,0.0,,0.0,27.66,1
698,2024-12-19,CONFIRMED,42,692,695,29.34,28.73,4,0.405,bar_compression|fractal_box|preceding_trend|volume_flat,2.6,4,1.38,2.1,0.51,0.06,1.17,0.50,2.4,,0.0,27.09,2
698,2024-12-19,BREAKOUT,42,692,695,29.34,28.73,4,0.405,bar_compression|fractal_box|preceding_trend|volume_flat,2.6,4,1.38,2.1,0.51,0.06,1.17,0.50,2.4,down,3.1,27.09,2
702,2024-12-26,DEVELOPING,43,699,702,27.84,27.07,4,0.414,body_overlap|fractal_box|preceding_trend|volume_flat,0.0,0,0.00,0.0,0.00,0.00,0.00,0.00,0.0,,0.0,27.75,1
703,2024-12-27,CONFIRMED,43,699,703,27.85,27.07,5,0.415,bar_compression|body_overlap|fractal_box|preceding_trend|volume_flat,3.5,5,1.45,2.8,0.86,0.43,1.08,0.86,6.0,,0.0,27.57,2
708,2025-01-06,BREAKOUT,43,699,703,27.85,27.07,5,0.415,bar_compression|body_overlap|fractal_box|preceding_trend|volume_flat,3.5,5,1.45,2.8,0.86,0.43,1.08,0.86,6.0,down,0.2,26.94,2
740,2025-02-24,DEVELOPING,44,737,740,27.69,26.93,4,0.428,body_overlap|fractal_box|preceding_trend|range_bars|volume_flat,0.0,0,0.00,0.0,0.00,0.00,0.00,0.00,0.0,,0.0,27.38,1
741,2025-02-25,CONFIRMED,44,737,741,27.70,26.93,5,0.431,body_overlap|fractal_box|ha_doji|linreg_flat|preceding_trend|range_bars|volume_flat,4.5,7,1.21,2.8,0.89,0.48,0.63,0.86,2.1,,0.0,27.49,2
744,2025-02-28,BREAKOUT,44,737,741,27.70,26.93,5,0.431,body_overlap|fractal_box|ha_doji|linreg_flat|preceding_trend|range_bars|volume_flat,4.5,7,1.21,2.8,0.89,0.48,0.63,0.86,2.1,up,0.4,27.96,2
761,2025-03-25,DEVELOPING,45,753,760,26.23,25.17,8,0.370,fractal_box|kde_cluster|linreg_flat|mtf_2x|preceding_trend|range_bars|volume_flat,0.0,0,0.00,0.0,0.00,0.00,0.00,0.00,0.0,,0.0,26.00,1
763,2025-03-27,CONFIRMED,45,754,760,26.23,25.17,7,0.346,fractal_box|kde_cluster|linreg_flat|mtf_2x|preceding_trend|range_bars|volume_flat,4.4,7,1.69,4.1,0.82,0.13,0.97,0.88,3.3,,0.0,26.26,2
763,2025-03-27,BREAKOUT,45,754,760,26.23,25.17,7,0.346,fractal_box|kde_cluster|linreg_flat|mtf_2x|preceding_trend|range_bars|volume_flat,4.4,7,1.69,4.1,0.82,0.13,0.97,0.88,3.3,up,0.1,26.26,2
780,2025-04-22,DEVELOPING,46,776,780,25.88,24.86,5,0.405,bar_compression|fractal_box|range_bars|volume_flat,0.0,0,0.00,0.0,0.00,0.00,0.00,0.00,0.0,,0.0,25.69,1
781,2025-04-23,CONFIRMED,46,776,780,25.88,24.86,5,0.417,bar_compression|fractal_box|range_bars|volume_flat,2.2,4,0.90,4.0,0.57,0.08,0.77,0.61,1.9,,0.0,25.76,2
783,2025-04-25,DEVELOPING,47,780,783,26.30,25.36,4,0.351,bar_compression|fractal_box|range_bars|volume_flat,0.0,0,0.00,0.0,0.00,0.00,0.00,0.00,0.0,,0.0,25.78,1
784,2025-04-28,BREAKOUT,46,776,780,25.88,24.86,5,0.417,bar_compression|fractal_box|range_bars|volume_flat,2.2,4,0.90,4.0,0.57,0.08,0.77,0.61,1.9,up,0.1,26.01,2
784,2025-04-28,CONFIRMED,47,781,784,26.30,25.45,4,0.334,bar_compression|fractal_box|range_bars|volume_flat,2.2,4,0.83,3.3,0.81,0.00,1.13,0.77,1.8,,0.0,26.01,2
785,2025-04-29,BREAKOUT,47,781,784,26.30,25.45,4,0.334,bar_compression|fractal_box|range_bars|volume_flat,2.2,4,0.83,3.3,0.81,0.00,1.13,0.77,1.8,down,0.6,24.91,2
794,2025-05-12,DEVELOPING,48,789,793,25.56,24.86,5,0.434,atr_squeeze|bar_compression|fractal_box|range_bars|volume_flat,0.0,0,0.00,0.0,0.00,0.00,0.00,0.00,0.0,,0.0,26.41,1
795,2025-05-13,CONFIRMED,48,789,793,25.56,24.86,5,0.416,atr_squeeze|bar_compression|fractal_box|range_bars|volume_flat,2.9,5,1.12,2.8,0.56,0.02,0.70,0.51,0.9,,0.0,26.04,2
795,2025-05-13,BREAKOUT,48,789,793,25.56,24.86,5,0.416,atr_squeeze|bar_compression|fractal_box|range_bars|volume_flat,2.9,5,1.12,2.8,0.56,0.02,0.70,0.51,0.9,up,0.8,26.04,2
811,2025-06-05,DEVELOPING,49,806,811,25.79,24.77,6,0.332,atr_squeeze|bbw_squeeze|fractal_box|kde_cluster|mtf_2x|preceding_trend|range_bars|volume_flat,0.0,0,0.00,0.0,0.00,0.00,0.00,0.00,0.0,,0.0,25.04,1
812,2025-06-06,CONFIRMED,49,806,812,25.76,24.77,7,0.334,atr_squeeze|bbw_squeeze|fractal_box|kde_cluster|linreg_flat|mtf_2x|preceding_trend|range_bars|volume_flat,5.8,9,1.72,3.9,0.89,0.24,0.97,0.88,1.6,,0.0,25.59,2
814,2025-06-10,BREAKOUT,49,806,812,25.76,24.77,7,0.334,atr_squeeze|bbw_squeeze|fractal_box|kde_cluster|linreg_flat|mtf_2x|preceding_trend|range_bars|volume_flat,5.8,9,1.72,3.9,0.89,0.24,0.97,0.88,1.6,up,0.4,25.94,2
845,2025-07-25,DEVELOPING,50,835,844,26.19,25.20,10,0.298,bbw_squeeze|fractal_box|ha_doji|kde_cluster|linreg_flat|mtf_2x|mtf_3x|range_bars|stationarity|volume_flat,0.0,0,0.00,0.0,0.00,0.00,0.00,0.00,0.0,,0.0,25.63,1
847,2025-07-29,CONFIRMED,50,835,843,26.19,25.20,9,0.306,bar_compression|bbw_squeeze|fractal_box|ha_doji|kde_cluster|linreg_flat|mtf_2x|mtf_3x|range_bars|stationarity|volume_flat,7.5,11,1.98,3.9,0.93,0.16,0.90,0.92,0.5,,0.0,26.35,2
847,2025-07-29,BREAKOUT,50,835,843,26.19,25.20,9,0.306,bar_compression|bbw_squeeze|fractal_box|ha_doji|kde_cluster|linreg_flat|mtf_2x|mtf_3x|range_bars|stationarity|volume_flat,7.5,11,1.98,3.9,0.93,0.16,0.90,0.92,0.5,up,0.3,26.35,2
861,2025-08-18,DEVELOPING,51,858,861,26.93,26.15,4,0.418,body_overlap|fractal_box|preceding_trend|range_bars|volume_flat,0.0,0,0.00,0.0,0.00,0.00,0.00,0.00,0.0,,0.0,26.41,1
862,2025-08-19,CONFIRMED,51,858,862,27.02,26.15,5,0.404,body_overlap|fractal_box|preceding_trend|range_bars|volume_flat,2.9,5,1.36,3.3,0.81,0.47,0.72,0.86,2.5,,0.0,27.01,2
865,2025-08-22,BREAKOUT,51,858,862,27.02,26.15,5,0.404,body_overlap|fractal_box|preceding_trend|range_bars|volume_flat,2.9,5,1.36,3.3,0.81,0.47,0.72,0.86,2.5,up,1.5,27.86,2
873,2025-09-04,DEVELOPING,52,866,872,28.22,27.23,7,0.320,dbscan|fractal_box|kde_cluster|linreg_flat|mtf_2x|preceding_trend|range_bars|volume_flat,0.0,0,0.00,0.0,0.00,0.00,0.00,0.00,0.0,,0.0,28.14,1
874,2025-09-05,CONFIRMED,52,867,872,28.22,27.47,6,0.348,dbscan|fractal_box|kde_cluster|mtf_2x|preceding_trend|range_bars|volume_flat,4.2,7,1.42,2.7,0.86,0.03,1.23,0.83,3.3,,0.0,28.20,2
882,2025-09-17,DEVELOPING,53,871,881,28.24,27.56,11,0.465,bbw_squeeze|body_overlap|fractal_box|ha_doji|kde_cluster|linreg_flat|mtf_2x|mtf_3x|preceding_trend|range_bars|stationarity|volume_flat,0.0,0,0.00,0.0,0.00,0.00,0.00,0.00,0.0,,0.0,27.80,1
883,2025-09-18,CONFIRMED,53,871,881,28.24,27.56,11,0.456,atr_squeeze|bbw_squeeze|body_overlap|fractal_box|ha_doji|kde_cluster|linreg_flat|mtf_2x|mtf_3x|preceding_trend|range_bars|stationarity|volume_flat,8.9,13,1.50,2.4,0.77,0.20,1.06,0.78,3.2,,0.0,27.84,2
885,2025-09-22,BREAKOUT,52,867,872,28.22,27.47,6,0.348,dbscan|fractal_box|kde_cluster|mtf_2x|preceding_trend|range_bars|volume_flat,4.2,7,1.42,2.7,0.86,0.03,1.23,0.83,3.3,down,0.2,27.39,2
885,2025-09-22,BREAKOUT,53,871,881,28.24,27.56,11,0.456,atr_squeeze|bbw_squeeze|body_overlap|fractal_box|ha_doji|kde_cluster|linreg_flat|mtf_2x|mtf_3x|preceding_trend|range_bars|stationarity|volume_flat,8.9,13,1.50,2.4,0.77,0.20,1.06,0.78,3.2,down,0.4,27.39,2
891,2025-09-30,DEVELOPING,54,885,891,27.68,27.19,7,0.394,atr_squeeze|bbw_squeeze|body_overlap|fractal_box|kde_cluster|linreg_flat|mtf_2x|preceding_trend|range_bars|volume_flat,0.0,0,0.00,0.0,0.00,0.00,0.00,0.00,0.0,,0.0,27.68,1
892,2025-10-01,CONFIRMED,54,885,891,27.68,27.19,7,0.412,atr_squeeze|bbw_squeeze|body_overlap|fractal_box|kde_cluster|linreg_flat|mtf_2x|preceding_trend|range_bars|volume_flat,6.7,10,1.40,1.8,0.85,0.33,0.86,0.84,1.7,,0.0,27.35,2
893,2025-10-02,BREAKOUT,54,885,891,27.68,27.19,7,0.412,atr_squeeze|bbw_squeeze|body_overlap|fractal_box|kde_cluster|linreg_flat|mtf_2x|preceding_trend|range_bars|volume_flat,6.7,10,1.40,1.8,0.85,0.33,0.86,0.84,1.7,down,0.9,26.86,2
899,2025-10-10,DEVELOPING,55,893,898,27.22,26.52,6,0.313,dbscan|preceding_trend|range_bars|volume_flat,0.0,0,0.00,0.0,0.00,0.00,0.00,0.00,0.0,,0.0,26.53,1
901,2025-10-14,EXPIRED,55,0,0,0.00,0.00,1,0.000,,0.0,0,0.00,0.0,0.00,0.00,0.00,0.00,0.0,,0.0,27.03,1
911,2025-10-28,DEVELOPING,56,907,910,28.31,27.59,4,0.435,bar_compression|preceding_trend|volume_flat,0.0,0,0.00,0.0,0.00,0.00,0.00,0.00,0.0,,0.0,26.99,1
912,2025-10-29,CONFIRMED,56,907,910,28.31,27.59,4,0.428,bar_compression|preceding_trend|volume_flat,2.2,3,1.64,2.6,0.41,0.13,1.06,0.42,3.3,,0.0,26.80,2
912,2025-10-29,BREAKOUT,56,907,910,28.31,27.59,4,0.428,bar_compression|preceding_trend|volume_flat,2.2,3,1.64,2.6,0.41,0.13,1.06,0.42,3.3,down,1.5,26.80,2
933,2025-11-28,DEVELOPING,57,928,933,26.61,25.93,6,0.341,fractal_box|ha_doji|kde_cluster|linreg_flat|mtf_2x|preceding_trend|range_bars|volume_flat,0.0,0,0.00,0.0,0.00,0.00,0.00,0.00,0.0,,0.0,26.14,1
935,2025-12-02,CONFIRMED,57,928,933,26.61,25.93,6,0.358,bar_compression|fractal_box|ha_doji|kde_cluster|linreg_flat|mtf_2x|preceding_trend|range_bars|volume_flat,6.1,9,1.42,2.6,0.91,0.37,1.17,0.95,1.1,,0.0,25.53,2
935,2025-12-02,BREAKOUT,57,928,933,26.61,25.93,6,0.358,bar_compression|fractal_box|ha_doji|kde_cluster|linreg_flat|mtf_2x|preceding_trend|range_bars|volume_flat,6.1,9,1.42,2.6,0.91,0.37,1.17,0.95,1.1,down,0.9,25.53,2
956,2026-01-02,DEVELOPING,58,947,954,26.45,25.58,8,0.372,bar_compression|body_overlap|fractal_box|kde_cluster|mtf_2x|preceding_trend|range_bars|volume_flat,0.0,0,0.00,0.0,0.00,0.00,0.00,0.00,0.0,,0.0,25.96,1
958,2026-01-06,CONFIRMED,58,947,954,26.45,25.58,8,0.389,bar_compression|body_overlap|fractal_box|kde_cluster|mtf_2x|preceding_trend|range_bars|volume_flat,5.4,8,2.10,3.4,0.73,0.19,0.76,0.70,3.0,,0.0,25.96,2
966,2026-01-16,BREAKOUT,58,947,954,26.45,25.58,8,0.389,bar_compression|body_overlap|fractal_box|kde_cluster|mtf_2x|preceding_trend|range_bars|volume_flat,5.4,8,2.10,3.4,0.73,0.19,0.76,0.70,3.0,up,0.5,26.67,2
976,2026-02-02,DEVELOPING,59,967,972,26.87,25.98,6,0.296,ha_doji|linreg_flat|preceding_trend|range_bars|volume_flat,0.0,0,0.00,0.0,0.00,0.00,0.00,0.00,0.0,,0.0,26.51,1
978,2026-02-04,CONFIRMED,59,967,972,26.87,25.98,6,0.305,ha_doji|linreg_flat|preceding_trend|range_bars|volume_flat,3.2,5,1.88,3.4,0.89,0.34,1.02,0.86,2.5,,0.0,27.73,2
978,2026-02-04,BREAKOUT,59,967,972,26.87,25.98,6,0.305,ha_doji|linreg_flat|preceding_trend|range_bars|volume_flat,3.2,5,1.88,3.4,0.89,0.34,1.02,0.86,2.5,up,1.6,27.73,2
989,2026-02-20,DEVELOPING,60,986,989,29.70,29.12,4,0.458,dbscan|fractal_box|preceding_trend|range_bars|volume_flat,0.0,0,0.00,0.0,0.00,0.00,0.00,0.00,0.0,,0.0,29.66,1
991,2026-02-24,EXPIRED,60,0,0,0.00,0.00,1,0.000,,0.0,0,0.00,0.0,0.00,0.00,0.00,0.00,0.0,,0.0,29.81,1
1000,2026-03-09,DEVELOPING,61,994,999,30.70,29.75,6,0.344,body_overlap|linreg_flat|preceding_trend|range_bars|volume_flat,0.0,0,0.00,0.0,0.00,0.00,0.00,0.00,0.0,,0.0,29.93,1
1002,2026-03-11,EXPIRED,61,0,0,0.00,0.00,1,0.000,,0.0,0,0.00,0.0,0.00,0.00,0.00,0.00,0.0,,0.0,29.91,1
